motor_current_A,motor_speed_rpm,motor_temperature_C,motor_voltage_V,torque_Nm
0.7952046571168658,1322.766786866889,38.64544465441887,13.272903661791123,0.07338568643219272
6.283366579472894,513.1447217367667,56.193522709114646,17.36279021623196,0.46543161533543215
3.619592005238969,1506.1938665569162,44.331920983492765,16.8533235645675,0.31085267749226564
5.8430283870813415,3234.330283528129,73.49587218484277,16.867397114009343,0.347029017680001
7.828318193573501,4572.2783646281805,37.304299214202615,14.159893098741833,0.452398811203032
4.400267789201383,208.1978146028268,27.685539203298024,15.540638132091889,0.37465596855847455
4.108739616547515,4123.925453898654,20.903707985031648,22.105617413650123,0.27508324634267517
0.76199884020614,3869.431008177481,30.219409682389788,22.79969137217649,0.022655794200128112
2.2938240447945955,3516.7162172222397,25.670423482064177,22.461621616622466,0.10640910540354975
4.099083506439367,813.8103834954579,74.6430419601781,12.52597645515665,0.25569624597685214
5.4979939697433355,455.6267487733404,60.79467523404312,18.52127386356711,0.4452573130965248
6.469164481614128,3736.420249070274,54.86148867385728,20.516184548068736,0.3080437030492374
3.1713408385585997,3278.76435936767,76.68511750677331,13.914223284233039,0.12935464644971917
0.7143035058660598,1975.5107549527017,57.08785758163188,16.156393073808324,0.009821319430141522
2.4475356746023498,1858.4387204630707,62.36668748748705,21.84400151383364,0.1753445489570632
7.294829516212986,356.68814969024646,29.511760397723883,19.548561884080307,0.6145681077921424
1.8644057579233408,4968.484487561171,37.255415965626035,19.89319329891712,0.07327543074536662
3.7265669021779284,4215.882330000335,57.0457508882404,10.19685693277843,0.22464535383273257
7.46340695357437,4876.11566210185,70.15636722122632,9.791993882393083,0.3661513668683564
0.3942139748927145,4126.579876685142,36.92663155690411,19.34169423369884,0.06280222557409884
4.884281556220156,2402.4939811752356,47.22053145982045,17.590835475363225,0.3533965997269553
7.611010103226436,4256.791022963773,36.924821156989964,11.565107707331888,0.4004530955080857
1.9963624563635254,1152.1159799233396,37.35780692730014,9.065925347165784,0.16090520871687136
4.478221370041037,3427.8783594049187,54.49207929593068,12.530458738334614,0.25973756049653957
7.2912013241165035,1338.6528567638204,75.1415559207638,18.343642318893245,0.5164505947489603
1.2387216769221512,2083.89183851064,78.56845125524131,14.435989119989,0.08917327495601592
4.282618129255374,4384.064474500324,53.94705393919692,18.75648116623821,0.22819371473914082
6.0531969009958715,2239.765223658046,21.450328032731992,11.297190972646307,0.4514296327054483
5.418303278894528,4489.837011208608,36.58262467775428,18.726976579235526,0.2949459584364344
3.8484723060108497,3077.8850081017385,59.3426183044847,10.675341930218512,0.2564391595378671
1.7978229043228016,1609.9814778859568,75.48857589878087,22.435963736279387,0.1255849027825966
4.027973934910349,1449.7134310698366,28.764866957685967,12.842851376458173,0.30052768068241975
3.10460057720346,216.19548102408822,69.7130144879512,9.068263753652117,0.26862582290107107
3.9237290078423896,2946.0706012733203,72.76828014023022,21.014653081324283,0.26397983610068226
3.053945009088625,4225.133925855971,25.387275147648445,13.812533310206142,0.213737473484011
6.735760355612233,1278.6486672178314,74.28892559054123,15.137413301366495,0.48707547329779677
6.195450550852173,2500.3668376269297,55.72219866047034,11.165266107155915,0.3939586531701082
2.649158482258765,4922.7011430043995,70.76989861292853,12.049879047568455,0.1346154422624397
4.666477594622841,2088.259294009301,60.42067288966043,14.984082998659993,0.3166200825162032
2.353182576979422,4704.544795577322,60.721906985118274,13.369406864036677,0.06811678655307257
3.7321748738619234,4167.63543124723,72.48941732435244,16.580544976871927,0.16268213706339316
2.953231254366279,2574.140389158082,65.77810017163253,13.007205080470495,0.233660806792092
5.327715809682115,3249.74798378728,44.526454640013824,15.556769239806272,0.32518370320576384
3.0887384473066746,514.7989131739292,42.94817951043108,9.43668635392451,0.16223782101792525
3.7809252275531655,2678.8765089176154,78.12201802459774,16.550138107568973,0.22703845038931647
5.810728155570524,3847.68118043487,35.83718077343733,18.014166708964396,0.34419153656722473
3.4213362670879097,1305.7596402937306,42.604717485006184,22.476193296409036,0.2193885572570205
7.270101499481842,447.1361674856409,28.63686772692271,19.734020239976708,0.664540871933939
1.6075226297809164,341.1257191439658,40.34662567227964,10.180702916703968,0.16741548393784822
5.9807272087234615,969.5155575124153,55.05149207236894,14.47089956968133,0.4699282660332682
3.4945175404164948,1341.2815910153408,31.63040980560477,20.38855071534718,0.26085693261638776
3.5263378669425505,4065.9280995226222,45.55150903661297,19.773179964888726,0.21321390248026054
5.148162975343943,2403.7497917253577,56.52317333930128,9.802534165054286,0.36125004144510686
4.278668368021093,2770.680211790938,43.11996995390143,9.423235113781365,0.2919137850413405
3.436110631827657,1702.885078816727,65.31031859439355,16.43757110922366,0.21673834253995944
0.2111296683895139,1634.3759745258637,50.92258350362724,15.712915110806332,0.02528662512218284
0.9196462976046662,2856.7303631361847,39.50562986782562,11.058889536170497,0.06730592557631303
5.73327627105666,3779.7872635439426,63.48673541098034,12.972395572944933,0.32730214051086554
4.2898956547685385,1067.3127978456391,53.23902519355323,14.243239751180944,0.2882588880643934
5.630051615432357,2286.3173596323127,47.09801428973421,20.807963319074645,0.38631443519234093
7.652652919422822,3291.617370994552,29.66630081030362,12.89025038411649,0.4794579227984725
5.526728064128257,4808.450626635191,79.21361143520922,21.085087730509578,0.26940599960364414
0.614403787249069,1493.1376970504223,30.435879753123814,21.602721214614984,0.056102208801454216
2.6090509419376176,2085.7474048445847,43.076809618930966,12.702662453446619,0.1395976194389038
4.822238561122309,2932.651020716231,55.133951764170654,21.792111353573098,0.32494031351313135
2.0339391766082215,881.1082644084717,75.99701397449239,10.21137815006797,0.17117876130471993
7.7267737963817895,3135.5982642349622,38.08597709197389,14.737102586308698,0.4434352352816752
7.571376145583792,4877.394784733888,26.875974999237883,10.492261707380568,0.39254652754019675
6.817526870533972,1512.4172404312399,62.4032569781732,13.84754208228253,0.45017185827658496
3.884127171049538,2506.7914812980302,77.05730059366756,13.247396468157358,0.2272217201257478
6.763518376207498,764.6636710243131,47.117548273550256,20.419337374552875,0.5501117800770253
1.2226630103137286,2686.6892075942287,79.88045865164756,21.484014054883595,0.09271604913698925
2.6081225269231165,4863.569208096522,39.316651482985094,14.00891657338017,0.19496644393132456
3.811371874404453,2803.4060468648104,72.83504636473336,14.087761443970189,0.2341094744199178
5.986408165331041,1224.806970988845,20.08681060111337,23.47026744872685,0.43405366277196833
3.9894367839293943,1691.6347521247894,60.77447394127795,11.43618536295828,0.2796166245425146
1.2676337266201168,3206.755710292743,73.11156792726827,16.096833234116733,0.003245965996856573
2.879584931693995,4313.712501499357,36.795917129781216,17.878989965067028,0.21360597028214498
2.7305241234450555,2376.500919487369,70.8646262037278,18.868293333846914,0.18225163214195791
2.54326745368071,2552.576584596594,55.96705107606905,11.303015111007003,0.17836612626278553
1.490910923633142,4084.9055380363575,39.21161296871894,13.756597135369386,0.09097858611411645
3.4362338260713656,705.4098430046471,22.58224290598463,11.22431351669261,0.2549182387051393
3.695341128521242,4765.9789223684165,59.69795141901863,20.35409441482008,0.18066730444270337
6.244222931349334,2430.872294783196,42.522177726100814,19.913404072727175,0.39240906255423874
6.411847466103878,1791.9193196467725,52.621423850262005,21.327602380625155,0.4290251663338762
4.274642998412573,3937.0154947372785,31.917622079819978,15.440817460525025,0.25845783492685287
3.7929163100735597,1431.0685944187799,21.161156907134572,9.283550819219357,0.25463496024054666
6.270066092042394,902.8958164776229,25.81145107791764,22.493539664231886,0.5455832610495864
7.1208538244513315,1438.9840780186257,58.455097076623595,10.58356044004576,0.4706209703020343
5.464366404960944,3428.148174996073,27.646456326854047,12.362304547880273,0.36278882745823143
6.4437365821880155,683.2063050351537,37.85246601356071,9.461614539793528,0.4879186613976313
7.5250685591110456,2366.2835491318747,55.515940627455564,14.931423492664987,0.45215928854217097
0.5171153136061492,1330.6847430278808,36.38178380114409,19.414618902942216,0.0521699348902168
7.030239453986649,2819.2551956899474,48.36473839553407,22.93328889966247,0.4482890512044504
2.357191965118847,863.7461205306885,44.74988158514056,17.223077308230987,0.17442983199818463
3.9109630955091053,3915.0380812910244,66.63713433339967,10.310136040167617,0.20944562453070165
6.414735464068838,4634.78031586577,44.204470856181814,22.262606966130736,0.31306463015806685
5.7944894117467936,1732.9242451915372,36.983308383960306,10.47743483250745,0.42845420635969267
1.3477510611452055,1901.4971178729063,79.15827852630679,12.059067346122221,0.07378810437945128
5.338236419842334,3070.8091518671345,30.36850978473087,12.301788420308185,0.34068063248257247
0.7401661460767166,3746.32802585756,58.42001956472975,22.29084432643083,0.07564848872898897
2.9851509011524557,479.713679727422,57.422488389341694,15.14494252593644,0.1899353902296046
6.540070491276909,3438.9353370258527,40.97536951412984,21.651497255513156,0.37424216329247895
3.5360976976148946,4108.391574050066,64.61946330095299,17.350521237852416,0.1667086666962896
4.878864612838882,4004.1018038189814,65.22559981178117,16.168033876956677,0.23640344932118457
5.8796580085476435,2305.2866333985385,48.58171596821224,20.805062088874912,0.3490718102323035
6.6055753447911645,4149.29808942699,39.383786265945794,12.164074026086558,0.3569645123895427
6.132017935846208,2825.9680826702647,26.79507972068855,13.074422700059474,0.40723083979942215
0.2557175471761883,1096.28042599475,72.19423225009275,22.67124315364798,0.015274496544452912
3.4780033026457735,1571.536827223431,79.03074424299456,18.057488450741733,0.18350708795167445
3.812462500697549,3045.132600372015,36.8274841027027,14.71140437224023,0.26015920797733044
0.6328961242792368,2851.8790564970504,39.20632705643811,18.438040431255153,0.06189973828705604
4.423248630342713,4050.4077060585582,58.7471740883386,20.23908629400922,0.23961523221056766
4.940611861262164,3631.4887162816613,66.72958458439899,19.680771656361713,0.24371768718412148
6.661934920969777,1222.6887183793583,70.72062780446976,16.58649293318837,0.43902705819964205
7.546112291893298,2107.454387352618,66.07254872602789,18.3602728785742,0.5479199713605678
1.1995532612213164,3934.7560679972585,60.82491349355719,12.55092526676076,0.11654980134387541
1.997359260399712,2398.967012391372,57.31986325494248,16.230614737714944,0.1427926335758534
5.341435497150375,1280.145243021762,20.865645657635074,22.241863911407954,0.3839551405715505
1.2332971127706385,4698.054881457648,49.384801887096565,22.713909126697672,0.1000991674573091
1.9478133681812908,2355.5628534654948,62.51255932171907,9.327074091865546,0.1297765186106512
4.683928183195363,1681.889252100833,38.163632068176454,12.816010763749482,0.3856263011641937
1.5222850438164313,2654.039699037913,34.814345373358506,12.923806927101788,0.08299832260600615
6.30139518032547,1644.4081214517876,44.767819504683686,13.910446941637861,0.4609013259781673
6.884409883671729,1497.8420466831562,52.65697837078322,13.55470749880168,0.4804572138987499
0.4626587951222159,3375.3525843131197,20.661443864400322,13.21843841289591,0.051517520741550096
4.354629478560654,4017.119881093501,65.09417624720132,16.099022923401435,0.21227336772507094
6.416220588059802,2162.392335864826,62.519120870862444,12.614323656481062,0.4446782607377356
7.806089513025502,972.5127956368614,33.487165273728756,19.953218591914496,0.59013993531653
2.339217026916486,2483.8178618731195,34.91546234537434,9.431977349063658,0.12973247965541707
1.51898829424999,2127.683562717599,30.469176779456113,23.443037587499767,0.12302026756794866
7.038267255416756,2291.4142359539956,44.709726246557665,11.827007241349436,0.47642273672516205
7.291623217334619,1351.4047809263286,77.59127240950464,22.415878151242616,0.4316993403912106
1.7407565378438234,3894.0673718070584,43.43755521967313,19.190160052553196,0.096963685534206
3.6439319930805905,1170.6925305924597,75.5582799957478,22.26037946726356,0.25546972120551387
5.810010705200225,385.50331971964766,30.875039629499838,15.523771929346687,0.4786178559995656
6.793692238358993,3560.5454300403103,34.362533348640014,13.858325841334487,0.4663581733293528
1.5125473818645057,3764.0054709219157,50.41606152506788,18.157102127229447,0.06615769468554175
5.386757910657137,1346.0449086221156,29.064459823108912,11.932588003548043,0.4048132040991243
6.501116582509342,1032.348417290313,26.799004627071756,15.314498957990207,0.4545019244947152
4.487770142245674,2986.5501411498954,60.200509117033604,17.126076656462175,0.226456174856145
1.4847899384763004,4614.2260844018265,40.54356142953873,10.85208609384206,0.06010396305176307
0.4771246776768342,1419.1198266169001,61.926138329602516,21.02078836012555,0.029417790082849383
2.3959637792182513,2792.020141744232,33.63480980269362,15.87544940380451,0.14956372855683725
6.501392602337702,1469.0154549039582,37.9886118642158,16.979770112670177,0.4939989003012881
0.5491768345920843,3759.909349740922,73.57034996967113,19.183629750219872,0.051321859413872926
0.2640887393066339,2442.062674896157,54.779150002741105,22.474627588711364,0.047122568072476535
3.0206098521540468,2018.9904752725738,27.35700082744657,11.06152321535889,0.20937640225596826
0.6962538284487048,3349.474763879219,45.23968283988339,11.876332175640828,0.056253918952170634
1.365993165928997,2750.813795475369,26.004457804309467,10.856132009386176,0.06894430545435459
0.3808848711750248,1165.5168841709842,23.97422942263298,23.443589278878015,0.04019352374640426
4.292814726795329,2197.81876397985,53.84967320675621,15.469127051484714,0.29775676287192737
5.6342280370774205,4791.168837997885,26.704477834952034,19.772271817052893,0.2793386643401927
3.531017245507076,4045.44902752815,32.86208191065884,11.496137153495365,0.10363043985755169
1.2496495774285634,2658.1213017574078,24.355851353783713,22.91998974010805,0.06422373187883887
2.7845862455067643,3370.2236073621943,26.67659685743249,10.882952032447303,0.2492395275587614
4.804697663589414,883.3828372767309,46.905588021041986,19.129570916316343,0.35995526317487514
7.537158868491828,2183.3281904653613,29.939571999978412,9.399649569844373,0.5044202264101613
7.941950209546594,4495.118573513969,38.86382893574654,21.964180488984695,0.4234599905225248
2.0845027499000284,1102.9776419196996,46.10976028531611,14.823798414135977,0.1880134351748256
0.28252327411909695,4913.222405595865,31.646873515941998,18.419642015268018,0.024315986204109644
6.678994542751677,4270.933207005182,28.093109516144228,17.990157573528595,0.3652112525610808
7.427580914606441,3493.414871619173,28.86821320912299,12.03828620986068,0.4129465172829302
3.777107142190161,1993.3959262425326,76.47628136624165,15.817459608962814,0.2331303822063281
6.2172502875967215,641.9722472154131,40.922495208301015,9.03674547670622,0.44953998639842
6.9563524658582505,1614.482289052023,47.33667439689235,20.749550416919547,0.5024128204563592
4.954995427009562,3756.783077647761,65.17663957439146,15.82998377430662,0.3159380302465443
7.00649202852466,2223.7825502514047,67.23045880561814,13.163771297496126,0.4797023097141124
0.38644360391018073,4053.8529613837804,61.74341888457868,14.905030710022487,0.00273521779422161
2.318442718024598,1235.82308671916,73.51675032199353,15.119350348908732,0.1307911981552162
2.3623127450155033,4153.981424436181,51.95946152777907,11.392328837091805,0.08506040019343128
1.1409329407880338,4328.5356000371985,29.959681278075095,14.495195229793467,0.07589598298350905
7.303564943448258,3666.546385398506,56.73347429559982,19.147819471684763,0.4277672194942692
0.43742627999186046,1179.267849672128,47.14467253657323,17.39138754471579,0.05567952837773982
5.44597603027248,1269.8789166942308,69.77609659403485,23.88168948774682,0.38862629954820016
0.7564495606062169,508.6131060075186,34.57764191838798,20.230997240334055,0.02410742325093137
3.014087851524725,446.24646412379525,60.62668264387173,21.425994277379104,0.17171209683535843
3.461176432885014,3747.5342344818773,20.60438902194708,11.206420971793492,0.24096300704538925
1.614953454647462,2559.2798751141113,42.98375703213296,16.805738108130903,0.07988541595839105
4.263910005600976,3855.253849044685,40.76600772804238,12.665843734770771,0.2992872759058409
4.372935735237743,1557.1816246734359,25.661801462036202,12.583114323428738,0.26146749515377815
2.67294227910233,1857.2809908061963,69.25231647678801,13.938205235631571,0.14288733075495483
5.949286864507868,4494.57726203837,69.61212055317019,17.53946971191694,0.26658042483097577
1.449578802829522,4987.440322949664,35.02317281637989,15.21852956950828,0.08010082779289883
1.7015641078868717,688.4285238978198,62.69422901550348,14.972999773050576,0.14585237671236648
2.965185940755727,3940.410041567275,74.12514889157504,14.480853746509027,0.13866019654660888
3.1513338407650706,2869.5131736363332,54.80514323021921,23.796722255600354,0.21148396324070015
1.8090296807051038,221.83418560140993,42.125884136379305,15.336371349549667,0.10641326891730353
7.365931800109691,3159.4406974919875,60.93808631429891,22.777575970524786,0.4187440670487017
6.659129842466191,1543.6552999730143,43.728697686075556,23.894336361310827,0.4407163636564576
1.033638605201803,1882.7027196094486,54.286969600554414,18.317198112528203,0.053050394409557264
3.0819901421509956,4852.538659179637,59.683405283375855,23.65316283594091,0.12940018791756333
2.014834545929395,3764.8539844976212,37.57335352541069,23.996691712959745,0.12521227368227258
3.7184131030142313,461.704353746679,59.73819412931643,21.225018505046997,0.38571472808057733
2.3552740524441886,3468.683826162046,50.4715361763228,19.724864243721164,0.09562318024819227
4.114093750723703,262.37915936537775,55.58654647327592,12.31652101942763,0.314740423509787
7.396304594008063,4453.730510515309,37.34008576685059,11.75492676575918,0.41457136562070623
3.1835868836527035,3064.076079501084,64.74898132257451,9.795748819014015,0.18952191231682206
5.271000963303335,3227.9422886333273,28.958721746188388,12.255641482057634,0.37157238060080167
4.845844681558918,278.9540155105976,48.84757035592653,16.922599633584,0.3522063822572866
6.065237776909219,602.1721763455196,51.90311298127571,15.558100685857536,0.48689859482987036
0.6809895753249754,2725.5339620296304,20.491471619865308,20.321880761322802,0.0215577762922044
6.009624654718115,2032.326119676376,67.83605390307096,13.515108453769052,0.41500414443459477
7.580952231944937,4127.8182850788535,53.268797061402196,18.30829778660288,0.4115396146765654
4.9077645032247945,1563.065938490626,24.732729048595818,14.41385575885239,0.37195601025850655
2.443123548535222,2118.395279916715,70.93217420918282,12.316727526991233,0.13839317797142242
5.444479903748435,775.9939477234556,62.61309688905114,20.639012808198324,0.34535708590952063
5.75398053689488,2613.780463648873,74.88356703107794,13.390049177327182,0.3144935758040492
5.320312235001096,4784.103544728909,60.91582031718533,16.783298328625875,0.27966348257951634
1.3460564624096394,1476.3049919782131,50.20927249594919,12.766955868117318,0.08728479146492657
7.793109432503666,3995.991829945152,67.42420590165744,18.725838253591412,0.4338535032590044
7.651990924202855,986.9893476957373,41.50838730237154,11.613303660573543,0.5389698737558284
3.5120791558060023,4452.334110674597,46.13601756866584,9.941074080552383,0.20261616660854004
4.830371169389203,2660.639289130407,41.36665886530022,18.402705895840434,0.3421627503884514
0.5091028761617757,803.8791917657768,39.56346027205913,16.415695499355106,0.0
7.911347809583122,3956.943853367214,76.60257215745608,18.764714066040185,0.4211511762328439
6.58621094246173,4460.416214806413,50.3858162705813,10.17101865046423,0.39929426655028827
5.164718270951405,896.2936092449297,50.44981530999335,20.661835866473304,0.3635518304751134
6.13646100492915,763.5964174971448,42.712327844102376,9.724653938728002,0.5017201976691972
1.666633442944172,1406.6646326004366,39.6612776621691,23.34536221632482,0.1226866135934784
2.5997058027242423,2671.7525286338423,33.85648061239667,23.08893653569293,0.19572831144726832
2.121870425428623,4760.529667478084,76.94844325817877,21.01340245848666,0.0879793387697901
4.8491831369761735,4330.876060646884,63.95326171836619,13.692453381357888,0.2246492888246053
0.916857846877424,1758.2046819341872,48.86108537239821,18.684856091159354,0.05046144730646528
7.185757884676547,378.84791399666415,55.851353512063696,23.87756061914724,0.5443447803506724
3.805752348619676,3059.39773870964,70.31790185129658,19.75575365209044,0.20405307585852314
3.669536446644154,2958.8579541712193,42.19693796831871,18.907872200491564,0.20307274452772806
1.0167481678713013,1359.3811622552114,36.92682800997083,9.452712723956777,0.10780457639340377
5.542251489068888,3097.0911704282125,48.63441885207479,9.545094970440564,0.31975959817641164
6.571773155871096,4911.652658257666,47.61225091311481,18.42801833141916,0.28716772490062803
5.110491337406189,893.0573678724083,69.85342086166168,15.978360493181274,0.33865921152044787
2.087776338220236,1711.0513924695256,73.66857891040445,16.356190303559835,0.15245291640106912
6.326281628366975,4270.0810443671835,71.54028036474553,11.875231414800503,0.25385449724301734
1.3362995803907844,964.0394653605401,61.658375577025225,13.576098282566658,0.11166572160504909
6.652755366040858,818.0902204852364,51.67520979537254,22.347815371132533,0.5212777267062313
4.729501890772709,1025.704917246907,30.479865420744474,14.474331952339522,0.40284769959294797
2.4571079303118024,3894.5482422591554,75.87816370008403,23.563017206653534,0.1155496081822525
4.203298518781164,811.6641511588302,71.25135105743226,11.501991776800345,0.27820373920737784
5.105040943904247,637.3980051078307,51.56688433880592,16.97671487736476,0.394785526930461
2.2169980890226375,3209.394213406098,65.24966589186893,18.574168589176104,0.1326556170163733
6.805871171587797,3880.7848512988476,73.94783782257801,19.29140213783176,0.39887857457794945
3.4857789270743322,3830.462886345018,38.27087301126992,21.081629506500303,0.20136465949546253
7.16023216659081,2278.893922784822,54.426831722548314,20.343835214809612,0.45531507045195435
6.716654776950771,4599.681432884694,77.5428253305055,21.269118866290373,0.28269399242253185
0.9749106104451188,924.2013865866331,33.40440596156347,9.886484527545104,0.06891492774745324
5.240782053700579,2319.3034530150717,29.00741536640302,10.212948940934998,0.36189018881985036
2.6218576186667915,1972.5783451901684,76.95578432117058,10.996551555548498,0.20332341244953459
6.081614936468764,2821.692922307153,72.554572247372,11.970090845302723,0.36512401078028844
4.432526928092305,1127.658856893478,22.621824093441024,19.772657953609134,0.3846282785795172
3.769271222283393,906.1898796578088,54.80182202167265,17.068166702461387,0.31643278801640656
7.183860919389083,4920.12000776883,58.7324822411059,19.603969303075786,0.3221321518946699
0.6465777664413077,1650.2056516015748,63.011680545616954,17.98757861723213,0.009732853371546765
4.547077481770239,2598.5690748729535,56.975972030554885,17.395357342408026,0.26737607991723267
2.757706574514076,4598.088089115692,53.75022060745407,11.785373238962263,0.13247203371279342
0.4751320232450094,1652.7289459244155,56.45013405326307,21.903306486547613,0.008465012563451755
6.077444445882757,1959.6608974096837,57.1796613111411,20.5925056534059,0.4283974643093239
4.581577117337236,2903.144605567415,25.53767548024846,20.340113821042827,0.3187658554761614
7.1743336282584815,526.6994005350957,30.438177565911516,22.97645659941691,0.6138693917591099
4.866437575060281,312.2102409434332,37.16796687405588,14.931788711844874,0.40175550290885964
2.8288673795560904,3237.2412070665896,75.674795444708,15.328345885952055,0.14692982643448482
7.884713311960463,1980.2302900857903,48.021065645632476,16.066404666579132,0.5502157463916366
1.102569594752582,581.6058861267295,56.81942942104716,14.245717194580223,0.05631083095335137
0.6102935921145509,1575.8611449429106,78.1051753696778,16.668193865662758,0.044890195855977526
5.914450893726231,3528.5908491316914,26.026012771901797,18.393347119368315,0.3371917078742138
3.0928242144579774,3846.1118838769403,31.550105735883065,17.811274113536875,0.2142269753285157
3.0194276133025855,2625.9014772368087,36.882913290719635,11.646467342072164,0.11798754464193195
7.036950820618663,1259.66793199123,75.14594573183223,19.878084221216483,0.509272953860763
2.7528904428200156,4229.580996221233,63.08123206976619,10.058969786695581,0.16947871711010531
7.134111055696051,1196.9264780008361,27.83323763206463,12.108236152628752,0.5439558312254729
5.223106238006654,3833.1946393065487,24.257849662005476,14.95023424813354,0.3183752803011031
2.7665864423167448,935.4750913048257,30.197459734180875,21.401857421566834,0.22141745243236685
0.664354704417242,4687.295041997315,74.9357196412139,12.78074014068935,0.07058115549421054
2.1118529505963535,3912.179753705896,45.2640604332395,21.41197547378768,0.16793908705163746
7.753622969491426,2605.9508529657282,72.18431988982326,17.70886105791125,0.47274231972485586
3.3610875938248492,2284.022217630564,70.7970446757479,19.486756545061876,0.2611168115285129
1.448260999273557,2950.2835914988423,77.98806580843173,13.445137171247403,0.06478813271805219
2.524503343766657,3373.3487693876946,52.53595768330001,23.5658983516902,0.16051072704926891
7.216691075118334,2877.8367790210586,36.40282478051203,18.76440601595746,0.47455172686867425
1.4868183809663165,3539.9224440851704,50.86535018287803,10.206993864728114,0.04807758948219853
6.267308519224795,620.8690262919346,73.59524508771659,21.09522459568491,0.46688293789686697
1.2519441248957954,2202.4143058637023,76.87870194092721,16.00924828626939,0.05856271193958254
7.698870964815804,3816.714540792973,43.862117547463384,21.521764325007688,0.461276134449618
4.335602011514186,2304.089542448832,49.22781399557644,19.508767665136105,0.2593859524899739
0.5367254976606675,4859.18853756924,67.8724565300221,23.493321053881893,0.0
7.461446486373558,2763.127109457091,43.81822595133908,22.637700008386744,0.43642955587255006
2.994159246781151,1692.5740693790365,34.38022697983438,18.997173923839696,0.21655914768577902
5.905085975420832,4482.00443353275,36.76225747570679,20.48141185867523,0.3237136471856985
4.284922515438037,2226.653754644676,48.807126604525564,9.900793339080861,0.2952948850838857
0.9221380645306665,2821.691458509026,34.301457934847434,20.923328580709097,0.03668411062500075
1.0272619005603572,3278.5960424702075,65.87761825526547,20.028920706047224,0.08278572959526093
1.3639546153904767,4308.839183868594,60.03268962263848,23.14945038998097,0.054176246594928715
1.4573600718914062,1205.305692036567,75.95974230609255,20.326197452731964,0.09389507713482585
0.6114951863711257,4394.242589592404,64.80822826248188,18.254117535338672,0.060422349821701526
0.5667026872566217,2953.9121007575777,47.19864817466858,20.6762653995252,0.030318823648958895
7.597740709258005,1958.933259369492,30.958691165210404,18.035782064852377,0.4817499327796029
0.9120759619189915,1809.1766578211837,34.118408616042416,16.24043688637358,0.08647984084898842
4.165143071929439,4912.547826462445,73.21184073805881,23.697100525553775,0.1941715067889384
1.1253125989138941,4745.9832514359705,58.13558584624392,16.41354511573664,0.04380041839177719
1.8753452394279424,2818.896056832722,26.412999478680867,10.515067114870789,0.16172950443128456
6.151962167692454,1862.5699414614176,49.989862570274475,9.684339497633989,0.403875417264979
7.517451604021124,4874.616783298214,65.97393553049079,14.533467957425783,0.37739298524793813
3.8637590188410953,278.43663694605493,68.28699878710356,15.844458889699872,0.2973288991638627
0.2440072405681837,434.8412165638864,70.36411596024737,17.34436989684038,0.09608098074913549
7.993824750899135,2535.7131370727066,74.66126039066185,10.044593875375435,0.4338288734347657
0.5726310589502994,3017.557323679454,48.93852116922116,17.25589629524064,0.04098697518935255
3.2376936514381858,231.42955342874475,60.03522745638115,23.377985038164407,0.2615308849392121
4.4046422653167605,1099.9754403152613,24.40090342914939,20.27545704419317,0.37476320156833304
7.1555208129229095,613.7821887894584,59.69571673675957,19.550991419615826,0.5255466574215322
6.620274470952226,1399.0511912980057,50.87768877250184,16.728325106583814,0.45479179983093043
4.953215800148069,1077.8087958021597,32.788083528117994,22.265301035023075,0.42037009119925445
3.309097869611752,796.5617711963931,35.17402235062109,10.3635188507107,0.24516554851620515
6.708934009465681,821.4033208633235,62.46462653949099,20.661867524965167,0.5011868124945322
6.978655413184225,1982.6822934581317,33.553941921472195,19.699050389864123,0.48895067352475763
7.000858277298686,817.9396225585515,40.561170270479764,14.674626184721971,0.5502433010894411
5.797564196224119,3912.4250026986483,42.61724854408454,16.358022121338628,0.2861601676880968
0.9627412830277551,2133.3574094962523,65.6565151610755,11.279885859151022,0.046023974252652436
2.528919539448312,760.760595129879,31.559015652268272,9.093589289261802,0.19749768044707774
3.990192036702289,3326.4792098442367,24.75281916057753,14.036371624295462,0.25218475438121046
4.139416264170461,3983.2834302090146,31.00385693046778,14.071323577747414,0.26966126371552834
6.696412619352609,1926.338414381746,62.75157097516262,16.80777568959035,0.46031055938232407
2.055126834882796,229.44612413173184,23.028497077014304,14.188034120648837,0.18933175893369625
5.383807893281091,3320.8064317802105,53.260563602196335,22.34008666991133,0.31529022696563513
3.1187592002004343,3819.15161613555,50.25048155950873,11.164728820896242,0.21243512014689292
6.248763915165582,4468.5977550659745,42.450587892428516,21.358723837956425,0.31107186316275476
1.7270397687151426,3623.1268772697663,40.8392726626642,17.16470940584847,0.09798782702501967
3.9176928884656124,3064.855216874132,52.320274320703035,12.318515389733644,0.19292845358618838
1.0077569268345732,1846.8046167862394,23.650351255689433,22.14063824684306,0.04164827151587827
1.853523358237227,1370.4028814707494,39.371925489098324,17.29606775871985,0.16161344827081334
7.4943625534853044,511.39804982578863,44.98765364065796,10.449329946110941,0.5849968006304541
2.6651674619610617,4132.657420829844,28.494364297348618,21.999643655808484,0.09486965396129614
7.165220631901986,2889.4586297426317,51.477409392188214,13.086916761101786,0.44203366144777084
4.289564082387846,1581.9018913568489,38.56536264054425,17.57377802661604,0.3026140032657214
0.5044585815067577,798.3191208461215,23.9357091344414,19.183547752420775,0.006057317607546374
6.3852571222040835,1584.1351877949216,27.685496457013294,20.159924739762168,0.4812678151779154
0.6052637820334187,3837.3607865880595,39.67095631589059,19.748693499796527,0.026353233476658397
6.650159521239119,1235.7949932333809,59.709824871655556,21.4737107567253,0.4741184950535735
0.2686330634621801,450.09289377472385,68.01457449575156,20.55768212818677,0.04819853063753932
5.458068353304061,2024.2291770376567,49.173185138754874,11.830202098942989,0.3513423190153856
1.492568613019716,1811.8873958406064,22.802754401450567,17.35658231483318,0.14103992489564154
2.874426857383425,3545.790153907292,56.4192096480956,16.405877677528352,0.15575758381600802
7.631460879403716,2868.803844975844,74.31923715152773,10.998646245352324,0.44258369595171937
3.992621090420655,2469.0110129573654,23.091592939915294,15.499649714535646,0.311788510196414
5.32792580426249,4885.157349502122,40.862184986451744,20.65051084987939,0.2782727355794127
5.977733750839579,4251.784523717985,21.011425167805918,15.66818936980713,0.3255724241786185
1.0574382169902534,815.1299782019553,54.63781107137969,14.881696436546758,0.07526226288571358
6.742606913265628,1392.2943633112145,26.257203052447572,16.14470688710252,0.5142130683875233
7.328575522035902,2212.9470196438388,76.45620026071938,17.474164149241034,0.4161070340420648
1.4122810883253896,543.3123242021715,44.44308856903359,20.473648166752433,0.13009313687968807
4.460659745379233,3839.08142299942,57.28143396482411,21.799021819340787,0.24538435850384857
2.4113399608606216,3887.2343694006227,39.721999753843676,13.335628387161542,0.09806252120790018
5.977044500706356,1603.6384330778562,40.15557070210063,12.954914570115346,0.40093339579333154
0.42050906428849477,4545.706009509221,20.69235356616295,13.740231696615457,0.048605274917122174
4.197866626842819,2851.9235474046877,71.9989770701736,21.976615823300616,0.21138060549205295
6.383955871781783,1273.345464267187,36.18343679779163,22.508422242218995,0.5405367586452319
5.930947880781709,3183.17130757295,34.90155583063877,14.127446697674689,0.3360379905305455
1.0438338851823996,3428.3331616787063,41.59627346876687,21.50156930256444,0.06812928659496165
6.696932848123451,3644.233605757242,31.047091788745,17.164987009756253,0.32157257264757855
2.055157694913172,4862.449353638458,38.73955922833795,23.368576012105176,0.1012990850121658
6.500743523491283,4585.489572428202,36.866851239406316,17.550323268157797,0.3255121003587155
4.077604888527078,2183.7266306166684,78.49739811704188,22.562200455235782,0.2694745326330256
1.4544409680708936,2272.763122004414,72.57653359925811,17.317353900835123,0.09682689785881257
5.925517285022661,312.57262623918365,36.94402527750943,14.237076611782314,0.46880734576950867
6.501721026685737,2203.995185586642,70.35122638507605,21.737833496580315,0.4777926289586714
5.651428969890401,1050.3135559218576,22.287831206588013,14.060200893620582,0.4648890999450353
7.7258014444103,776.8077444978722,54.11623033023763,20.82891294786993,0.5574188235040504
2.197926719406419,4116.059707430264,71.8106252830391,16.9600499571186,0.12333289798446596
2.0389461505842577,304.70316657360604,33.01369312693967,13.85385322743822,0.07914139545000444
1.3483947161304806,819.4767147936586,29.656888686814053,16.14329036008869,0.08778640378144896
4.407368437615124,3388.950118151214,67.64730055096884,22.591466012667567,0.28617447209467245
3.3157008146085816,2922.48810800431,59.19800522143315,13.460727636514378,0.18358645063220544
2.981963979973673,2259.3390505649218,78.44877642639509,10.294860492798655,0.18881951724495996
3.7903758872685174,4076.393782084647,29.527104128587542,22.558041022462444,0.17957007920392654
2.341429377846774,1343.0061186579528,28.90604560719019,10.770060457026123,0.1987506757470811
0.23323094578746661,1191.773568932261,23.323135716286444,12.46394986384491,0.020426291015183604
3.8796553730410146,2665.6775378515954,39.45718748523704,16.19537741946533,0.25080428975500096
2.3518992287635427,711.9356623910642,22.86363715839365,20.697865408815233,0.21621090231216955
3.7083121496531275,3507.575781608187,56.83752933712599,23.663110941018694,0.26023013895253294
7.445225889290431,4688.058059755234,25.152017144318584,11.802446631643136,0.4181028092375135
1.5962421733108296,4094.8355990085665,47.254362610112864,12.487135874453273,0.0339960142813072
5.172371908453115,4429.801314368602,50.904131766662616,23.942124667309574,0.27975866905205293
5.2264361908470365,550.164425818084,25.181103042728758,17.441814889836923,0.43111728954117395
2.39408683174173,2235.364828773985,61.51369209807279,21.92575686881073,0.11919497899552842
3.8729263744867324,4534.112631731934,79.43307715830852,14.482833045339149,0.13712708587650818
7.762970804724328,4238.545920331293,43.35681244409237,13.349969521321505,0.4063937647297114
2.8711889781288957,3050.2016534961513,51.008472509642004,22.125246341098276,0.16440852238160686
5.756292423127027,3341.2076082770545,42.51541837740409,12.100156440615988,0.3423774066186721
6.753709414314215,1476.8553249928739,78.78800067697235,12.980738987299608,0.4281942334672983
3.013390640192334,1473.115464158665,71.02918143303626,14.526453550762987,0.20821628117390967
7.921330245615196,520.2159722815861,78.12205316960255,14.025735674525869,0.5838938962863738
5.081780075725524,4529.26605366138,43.18465726480214,11.49742200386363,0.2550631001382014
4.107685110632595,1587.1455702525384,38.97989507380079,13.345943594139879,0.30610763510161376
5.776278636548754,4964.0075579618815,20.96835879739784,11.599765463671595,0.2790544895681365
3.505873484159161,232.7725603828158,24.611783905640426,16.989726607911567,0.24377071855429525
5.756148438180026,4035.7921831027766,77.37942893409753,19.418511869170125,0.29460914207813627
2.3434585900099023,2723.845617061159,55.06100299247962,16.73575813628215,0.17102714650962642
7.432224851896369,401.70211855756435,46.76509258311202,10.059992218657992,0.6639412889152225
4.427310135883324,3383.3116517188937,29.47019895653804,17.854942429276953,0.20642304447332804
2.0848660499805938,3571.7974425130956,76.28164722699768,19.6936035615903,0.09662264712910557
3.610134013765718,3558.1578045112938,22.36120643998219,11.652296638251734,0.19257615057436486
7.181753016842983,3540.4680376314604,58.91490168738533,16.266726557849825,0.4141161656078908
6.495031488762481,3455.195648471942,55.93713690941459,23.561329242938815,0.34663190738980526
3.9788578259015743,3884.3814836031584,63.873226851771285,21.406248739949724,0.2169365539363429
2.9432730785745735,2024.5059434361658,64.62259473964859,15.838479421979653,0.22089909472804287
3.1347298299978674,4797.01686856529,60.4698893460473,12.88612472135583,0.1282893925794139
7.853323789246795,2517.4124713792294,53.20772863070779,11.403943363677602,0.4990621013404778
1.0752597240272563,1485.5355450426853,46.019284798581836,9.687516264468742,0.12389542342790462
7.134386385439831,4965.671529601284,68.11125149701022,12.515840766381203,0.3588230767544122
6.889349212728254,1541.7000707321993,27.966613319933455,16.32543174425833,0.46005784513996995
1.950229566310896,2315.5874685637004,36.94932782401118,16.47777514545621,0.192346889151285
2.9249981265102374,3549.142590205246,66.9076723946842,11.589529700727008,0.14102047111284846
4.6425671164583795,4031.0685899479317,73.34483786381378,15.815885380224174,0.2489778626445102
6.458663089173925,1719.917007425471,59.72837056851035,15.61605800476428,0.4265474224857715
7.6134741616374635,369.28402731689494,22.991857052176087,21.142438985060497,0.6153093530768303
7.936107887948188,2974.6483939531495,69.82849342538016,22.81955030023866,0.4455786229697505
2.3936073136813567,3041.535881991188,78.10722754005408,23.35929770776244,0.15464821569003281
1.7004358798586354,3701.9109580821296,47.62222929923523,16.305637349502028,0.0723477355970766
4.004256190806408,1452.7253055191381,43.42202131864248,21.764847007456442,0.2504202013935785
4.548998427285732,4139.47547193844,41.138545114070965,18.303047287266974,0.23167711143999908
5.322296507067544,3914.881539147578,56.393684299927955,10.525652422304766,0.28967455027674577
1.0392108320518245,4335.926657141978,30.183349245717764,10.09295444278279,0.0
5.241576950970196,3828.8518756010676,28.077168043463313,18.07632352471581,0.3294657892177819
7.386756829291037,3430.9597922933667,79.45046565964638,19.224906332120206,0.38293359349358974
7.338568329070423,2859.7719555421936,50.0622278439676,18.77455340534356,0.477184751642879
7.561437194540588,4315.7658482583065,50.88617550365058,16.25877853711951,0.43903448913070753
7.394248860748695,1284.617587761661,38.08366714502051,17.8901307809698,0.5571604194332411
7.69406705436461,3392.0467006439576,22.680311786177295,18.946318950281114,0.4933500622566227
0.5798017895075258,4002.1205708036705,23.87142385770823,19.552880727553724,0.01865727619168041
7.344941887477676,3918.7228347956857,23.537100712058344,11.159321627354576,0.4083390117153455
2.3154599015584063,822.1614852324902,62.18521428629334,16.14054488706484,0.11195032492410115
2.701192736636013,1706.5305930721704,66.78313866932842,13.966727639774453,0.17451356424345624
3.7771910793941106,4677.222278881943,77.07391656491939,16.25302398970659,0.1622427382215914
7.651187081059551,3917.9427638386533,78.83852732480804,14.90114208047774,0.3260357942889349
4.919693440714694,942.4881975750292,29.071535702059613,10.093218974825502,0.3903121676034455
2.951007089885888,2519.7406589584157,20.906266470634456,20.849287225521948,0.24607727287005948
3.1184296509115845,4091.9270164938835,61.06335513147053,16.829492695244305,0.17615049981204953
7.258442212820706,4325.711270330585,37.525224097291215,22.119995751852016,0.42685762672306327
6.614311032240571,2695.9336003819235,75.35383412980332,9.647689328478718,0.3871469475197117
1.2727942178406118,686.9436115163746,49.25917107175989,10.446191483162739,0.06546545302243398
2.139718556025915,1252.8833456039163,46.293708190153325,10.89146226249959,0.1572855077837647
3.1011725683400697,317.33154827120507,45.2345943350657,22.052511605636145,0.2348051044162907
1.8905875242633488,995.5169560955583,38.41855320076939,16.60206777463418,0.1085589893107235
4.595157671166218,493.39927505207424,53.83869945128843,20.258710646378347,0.38316399944449103
1.9443823275786494,3560.0273946124853,31.089105436891295,10.15797248455353,0.12053073563831428
4.684411072286579,3564.637312942669,78.62982036068193,20.192385627237442,0.233135977095181
7.5009920469682685,2327.9145695517595,68.39341537522942,10.16282779075406,0.4784018690188002
6.81967260916197,4428.634876853573,71.201372532233,22.655212025067897,0.33398116229702746
0.9742550120440308,902.1810420144444,76.75375488216821,16.682303891683496,0.08615052153427676
1.8138574272893364,1131.2260430509928,60.963719817745094,23.39079577688229,0.17674794930107196
3.419444089659196,3134.7510309570825,74.11101118089461,18.52623552638201,0.17659191736928892
5.23979509794213,2734.7593407128543,64.30883109029277,18.024452914314484,0.2835741533141847
3.215217630112104,786.4935669501654,48.451709777139655,11.500915308141579,0.2842306966154286
2.1625764730536288,4552.87983647948,21.257896854305603,18.481257234488133,0.1883905106895561
2.8883404896041567,3184.8379846519056,50.919537936005256,20.308902488119514,0.15402854193878487
1.7913059749323703,3118.169931727569,52.36932578382829,18.155667760492697,0.07954267735739864
6.922560412276927,1990.9360986465633,64.18285253059408,19.339139892534703,0.41881649200055193
5.638563356277964,3109.794132740428,72.13172718888698,22.26240107434041,0.32473630247368246
3.406026998766354,543.2397894547386,57.72151507897365,19.450672051937556,0.2609127702848241
5.663365140037772,1645.7950664785242,25.230182179625864,18.63972051886812,0.4088840553728723
4.253888676334064,3240.212276708536,25.49672211874083,16.913007186625002,0.2916117106368579
4.304845247036848,3073.822389690741,72.26128134054056,15.830696509627879,0.22427286698098814
3.0653737460188353,2724.912988613282,72.85658317409131,19.691500477389454,0.16537307613001231
4.0081031968639955,454.8577987229711,44.03473260358021,21.420791413901963,0.2771335362892516
7.887026685223881,1743.8165098280335,24.096622865521603,19.926955265403556,0.618445430518771
6.3188259650394345,4925.676940067404,26.442062769102577,10.502211092472269,0.35573145715216004
6.6560622826836005,4727.315706035045,26.860588769529347,12.844537642164653,0.38866427269688203
1.1701004411086173,4137.104703454424,74.822190569062,18.207067591751525,0.03366825070473099
4.1333370680603005,506.05660629183194,44.382002581017765,17.510010170987794,0.363187792652286
3.0618273351360887,552.7185086786009,47.82435887618868,22.763665457859794,0.2451743728612117
0.8934743716748446,1220.8033042303146,69.1417785259431,23.75016510864348,0.08309825558716116
3.283160804643515,4173.233073223568,34.60406174094914,22.437319987501645,0.19883019959566972
0.7786638629116147,1178.836502850818,51.958381276075514,18.08732341483043,0.04626973239729638
2.0253537728289297,1281.4579813975674,54.696093371283204,19.791386930539055,0.13945379560844412
6.430349147762554,1449.9112321774658,44.903547831110345,21.73045921877242,0.4170367786717901
5.5524963147029345,3719.436002588335,27.23196845868371,11.1944350599443,0.31283607951180314
5.648663779103428,2732.3849273311284,45.428638855433675,13.691854942182784,0.35227913889196816
0.8189914400603464,4330.53217679122,26.722560390709027,9.375349194040819,0.009962771274066966
1.4790617651803648,565.0005322019258,39.04469551415436,18.359948928542345,0.1188663399052002
0.36835632375276395,447.4597366572077,44.020718050207435,22.789883887995288,0.06658472809332257
0.9606133098982275,4262.061460067407,31.420516086993462,9.071501557551784,0.037631782541085776
0.9895066589393082,723.0392010197713,79.84223030723022,10.89412235228955,0.040945147823516645
7.689128594644581,3631.706741044359,61.39262787061699,12.001526221895421,0.4036991109151544
7.172819855076407,3101.9296733177903,75.88546202162905,20.688843899302938,0.41669160929883975
1.7931810327167546,1194.7962940535022,75.92169992317514,14.5490779733701,0.17542088691713442
2.179741046719431,1449.0225623927458,37.21576322571536,11.970659918318669,0.16406613797067562
7.694847223259187,3750.7833053345466,28.699931230339736,14.585667378432323,0.45541939279687305
4.645981647579096,304.1279959298388,79.50378901313391,12.844491700809368,0.3054880043766838
3.074481682979774,4787.20018721682,50.61129681966398,12.756972602044867,0.16229773265271596
3.8390454735058315,415.67112808716547,60.617714036189774,17.487608502286662,0.31111673313066546
2.323237599687313,975.987513073759,71.98798350696171,19.055990378717105,0.15218868231670757
4.751902783917283,3271.7676762986544,40.39394371110047,12.740433116172138,0.28758893757705734
5.857120214640306,749.023585025442,55.53454648473931,17.24856393407388,0.41905077609381686
4.220496394757963,4988.841901941913,37.94250431240407,9.446771494120302,0.23137199493667251
6.60119740940054,2278.3916104459213,32.92087650820896,23.58612870496324,0.4909210722806765
1.083042173475625,530.9737569063104,22.06559516299254,10.537530469840478,0.09936960105862253
4.9084931960917135,992.1001624567187,34.14200326399485,17.383695613271403,0.3916846539923985
7.918897918982623,2802.8447078064282,34.96018586408172,23.955577523726085,0.5127487547071238
1.3628165889669406,4377.416568717127,64.8326266549988,13.827665049729925,0.04947468948872584
4.061281317887058,1433.8254537690289,50.975251279453076,13.30688151220046,0.2660239498694461
5.1151332186456,2117.020678056192,66.38812886178164,20.07518900481096,0.31856016123864694
2.832729477652033,2931.0454132172517,37.173843646602236,15.985844243224815,0.1827053707658805
7.724015090169347,3323.3144525872544,32.7768292132908,12.998554293091278,0.47371981427556203
3.9862011799985506,3671.713001328624,54.67843859496988,17.592944516032603,0.25480995548838803
3.933849753278306,1758.8199929818593,36.26823549210714,21.406229217111974,0.3024152424770167
7.240776894525707,1979.0623142923675,65.22806168319327,19.03741679373538,0.5202302167423574
0.32410120770663053,4393.293559254692,42.91686895448634,12.601356491621576,0.03987834240737668
6.977304240017957,4549.2033247187455,36.842484212402184,19.017164552163322,0.3604750972436552
1.2067725261444766,2203.5184172613417,65.20504752190426,22.948221402780018,0.08005819180449894
3.1575136621658917,4983.438889557113,31.327063597710534,11.957055430984912,0.11028841601271912
4.00995812936166,1040.8435764899527,63.49132261257425,18.77660665846456,0.33778176970609486
3.917157835942137,4151.79898933023,43.38846402348415,16.49369709954665,0.19627185743070155
0.5073867537113199,4562.83332416305,25.10625475554447,18.950224379613086,0.01468140910059714
2.673435593675432,2910.3835583247737,57.663323988408926,11.065835280998108,0.21689609621359107
2.9829985848652982,3521.2257580969476,56.55413051790003,12.492712641618617,0.13807779722812713
7.658198749538764,488.4693438479637,25.99688742851458,14.214307761185262,0.6053240082937553
7.352485924833009,4244.653090634556,47.603551671873014,21.59404079013285,0.39172877288937047
4.7579193467334635,3479.183305134761,47.76551272887775,14.764958217800991,0.26075966907116094
7.480268098511052,2976.4272953960285,62.95274041524687,14.061395577381774,0.4499050284147439
6.936956746086823,2989.9127844739805,31.798823997025245,20.124275991978518,0.449419407371268
3.1306370687089027,967.686413648517,53.58315567486582,11.080895368453437,0.2500343339034214
1.1123414382342307,4267.045364608925,79.54018753733962,13.7998306018982,0.051877939791792387
4.935672865821289,2739.798996333042,20.940850804352593,17.262259232617378,0.3505847417077299
2.719473625746155,3117.997641013717,62.99777104497531,14.195529449136401,0.1499878567073391
0.27599152271071775,1016.3932782800723,40.97957454805055,17.968933001766644,0.03871720558800934
7.85319894657139,3215.015208699887,49.113850850590865,18.02264292985534,0.5067073469177413
7.760353544502194,1344.1015424665122,36.927537877994695,11.119476973441742,0.5226488784717862
4.38709027707679,3859.389235479247,47.60515689646193,11.001367538249069,0.23907627439467724
5.021848477311772,332.57103592878076,49.736012572213994,20.764126684048684,0.4000021513674101
5.417161053736084,797.2242290318611,75.19906315146567,15.260475819332562,0.3310774618713348
7.427001930543596,1213.447754095488,72.39629759068842,11.237164694001727,0.42446506409945595
3.8465676886283657,2124.550649411776,75.8232808814332,10.146109431316678,0.2528236643330891
4.746449776346052,4379.277805186928,78.06853765904009,15.28367169232699,0.21468946210797446
1.9670093207294073,232.65310016321462,43.67559404771431,21.632065511632455,0.1810640612177964
2.0907062915392607,2868.504724476091,66.84989267041837,12.07671816517991,0.1248674114997342
4.272475118836206,372.82760731838084,73.4014617337624,23.925376888171233,0.3175335291376337
1.9877986209998337,2022.169255653073,27.021313008081894,9.313049398663114,0.13029833813761996
0.43597172635447445,1631.186102646412,63.57134652656648,17.90313318040878,0.03249354039914879
3.0735820839545074,987.8773739226336,54.62155686742119,19.486873335395735,0.19899207174812625
6.049572124265111,2500.8041067430063,31.924689907943986,16.984088201076613,0.3900035457779011
2.3611474258050205,1840.7407352508596,57.89166312352206,12.887487617732992,0.18304823359093297
6.92909072020703,1456.9523887467842,61.28398990790764,13.746706761611943,0.474707199552663
5.679518600918989,3136.09078641148,59.22345957096669,17.308054541833187,0.35168998764532766
5.295889051354784,1372.8716587395718,20.365263951556425,22.43019793548855,0.4038437835818465
7.161368499044466,4865.651232769375,75.49008666381407,15.296013116301598,0.3238255123862096
0.7757260398495285,1397.5465376066031,41.08071112691866,14.172487498451236,0.027537471347321655
1.5943701161388713,4945.042129393826,68.12332573657235,15.005637818400341,0.09967162459913481
7.29230773518323,974.5862821835899,29.25708866737583,23.989941676051302,0.5415821088085885
7.274891539194368,4759.537724539718,56.128312733779,12.997270222425902,0.36992666279985204
0.8104845960082188,501.12716573694127,23.48018351862511,11.570687234252167,0.01958999844069334
6.239006109930725,235.63938678218008,53.412428580187985,22.393000124913,0.49853425121512046
0.3203728404077472,667.9244556842234,58.84686148342553,10.88202130019316,0.03519671464635245
1.2548373162746587,3594.4465708303533,43.241867774969194,21.591551313149846,0.053847471197399216
1.0561324748109402,1316.7205560019204,63.09357704115199,18.378823560484157,0.02562007540522407
2.4931655069833853,1523.0168630720045,48.46496655204663,23.36943862890729,0.17236087037104197
3.2284936810201574,3431.9477370791237,23.38532066221092,13.766628784656238,0.20247061039903452
7.304816141312721,341.59851923336305,22.340078417128385,21.83489421627936,0.5912331758014339
3.6039029396290516,2793.2629195105715,23.04550014592911,10.312374772281755,0.21829477562587885
1.1660228036699982,2121.6267956173588,40.36649431513678,20.73510764508314,0.10655718706175671
2.3243202277757224,974.519721171294,75.7177234258933,13.907579631473505,0.16002412282232842
0.24973925919000425,4576.33123397114,39.72932219287901,15.908673978118973,0.00031206439970271095
0.4187853425902791,1929.8088961867072,68.90454732956306,20.955876458783365,0.05232099709885518
3.5623329073601404,1598.4296517388834,58.66687980336924,18.52354460004023,0.2453861521537964
4.195068491895854,3533.6199164957443,62.17331953719129,15.873681397497766,0.21560716179386197
2.14970034957698,4306.276649054783,59.34750207616766,13.389008413814684,0.13716412637758335
3.163160850201182,1294.5575992022648,32.10885489295237,20.33135787370341,0.226531938340256
1.0062779869940068,810.3965008281607,72.32191136604948,15.98739135164599,0.09963362364630195
5.338808181840803,4808.150474591498,45.09184180269477,12.669719796048017,0.2476293235774124
3.2623234496477265,2251.713788821449,76.08999398264689,14.881519839961468,0.21340366934426022
1.4598996759023406,2767.9569208734993,20.938433855809407,20.93936870825205,0.13387665775304916
4.079670324032514,2393.3120645082,26.907071773242407,9.879357960212385,0.2925632631700986
1.8253237500729305,4174.17125810984,28.0536947859739,13.833570267628502,0.11730339452091497
2.4786083681370306,2258.8647390787155,63.645646195071656,19.910861988140844,0.17231765995277556
1.168529376319059,3833.898082294095,26.422135332273154,18.189995497390925,0.0938909027087377
6.289697831085184,2709.2319056601204,45.897879637179344,15.592038818374412,0.40339754588659843
2.378658780550234,582.5047521301092,50.8128771894925,11.335746277126796,0.19585044540928653
7.6542779160619725,2644.7863382123583,50.83772326066074,9.713921007815614,0.47936848239222074
3.362368904995478,4306.8740368636345,37.68365519676044,15.016067839770416,0.23970029288175054
1.4105170351204777,2749.361416150766,72.91036115216984,19.324471695125695,0.05824732881855309
5.700661158148727,2085.39684845817,47.148621015391754,13.01796112027192,0.41008820514563776
5.92175355641758,323.0795235527136,30.526374957285054,22.530880052614627,0.4555188227519251
7.074293238982371,3566.215259899888,53.46262746690206,18.292579931678972,0.4210339519251254
1.2257973122527654,2084.480852696125,26.758999859820992,15.828595066555856,0.12530378499105163
6.361110480805724,1752.0466591272207,60.16574918929279,20.320610707595513,0.3994739904921351
6.906120882200874,1974.8975764144877,30.40125103372097,13.49514276819086,0.5408387343308743
2.5752427025278894,2204.9703355576285,73.42455348849869,22.409436219693358,0.13404917819516013
3.7449610165674687,1811.657103266874,24.704296267425594,14.512321392686339,0.24773113053509765
5.033207280526907,1600.093755600209,38.59033488834119,9.079030446457338,0.372237758710346
2.1150025178791356,2410.395810251862,32.94888362319229,23.6782220390816,0.10992179103039806
6.996576173126415,423.8053622326772,54.180008459128864,16.441236216095522,0.5698005782305152
5.653715188306477,1283.6509968340554,44.316673947180746,22.553890035447154,0.42884622965702784
6.882127757780787,2303.0288472418843,47.13761554236167,10.635484091138487,0.37508940963240534
3.70933738936479,4446.91253479954,46.871080798071716,11.998582637925889,0.1516762778279869
4.2481872308755,2255.028866262278,56.715480286834406,16.25577913824282,0.25544818032493327
1.7151846712349066,2868.285493712403,35.71810583844194,22.431240766283835,0.12197142476430345
2.6493901764477323,4489.245226028052,39.31736944616412,10.380436880018642,0.10808927665104887
5.890194844255383,4067.95455585337,35.49999931889765,17.077331109684287,0.30886733860081667
7.680260669708215,3619.0221808237593,28.69436712513616,20.371653199167802,0.4783819942307387
1.386402373683255,3173.3940624832344,57.45430021357959,14.856157529728016,0.052379426763157766
0.5950195163189784,3060.2335827435677,76.0410383576426,15.679833655261701,0.042668367619679605
0.7261308581330757,1114.5320514531584,74.50477463585045,23.0061683495872,0.00976148867320245
3.596679796811349,848.6643060886915,77.900847411168,17.055510091094888,0.2840559395806974
6.382835963071923,467.259171781321,26.605081347617592,19.350309927327686,0.5622376872433215
1.9540427063069212,650.3231258220284,62.99173926264324,19.094444778568338,0.11101706320835984
3.9216301568824403,3151.9115427246084,24.47696153568785,22.458745370780196,0.17901332556862742
4.2201370325750815,3120.7032827518196,68.91712752110247,14.121890059528054,0.19515384264407265
6.734078705001916,378.9702785273759,70.64490982843517,17.207657501017678,0.5322919944029927
1.4794590144703905,4223.995634690104,48.757182065201576,12.203959538465135,0.06178002798532112
0.31480512742992567,2319.337280140576,79.2217541125005,13.992094597956296,0.04990234738417111
4.1519092521400145,2784.5078251471073,47.809598704128476,21.327755185983772,0.22149259219671563
2.9709181508886857,552.9110857385177,52.47041438193004,23.4558099787135,0.19953999725950627
2.4788899316829314,4320.720763929378,40.29102369122214,13.918908684946825,0.12938201072495623
6.2234493601613545,584.3213755424285,69.11534162341457,20.4255633835948,0.49065805022224407
5.531043156768074,1212.8076418533446,53.82725483127422,17.064315032029583,0.3928207762357182
0.8547097519044853,2432.783139037242,50.03601443209875,19.388866439107154,0.024336045262564686
4.475206229265661,2588.715835229255,45.48858824060703,14.495788225974824,0.2973237390232629
6.423188029062643,2759.471204814684,65.19948401009788,14.300806303345878,0.3929541391724547
7.295537832306609,4693.002398768241,24.329647642312743,12.093575486746074,0.40185348017002476
0.20144236843352856,367.87066824812626,57.94394893222575,16.52178246832358,0.009438472466599533
6.498890769749267,3445.8665376710055,24.379755980365005,9.836820667910015,0.3813456525097731
0.5373338357525963,2262.9567116159847,33.02811706293828,21.904827546026667,0.03658769786339783
5.520540527202489,4098.746261319586,21.986728727871,12.660222022139404,0.24310461312606452
4.864455408474437,3404.0567951730973,51.16879507885511,18.506351118858603,0.29220546695889615
7.625727079471967,4100.515623803381,76.61285610347112,16.588470550126353,0.42616309513245226
5.128656919473532,4344.935125855309,32.781295561110085,14.211281613159858,0.2954991316160304
0.7455246998558207,3945.9285415868108,26.77449753569661,23.157413622052093,0.014203180323126563
5.429104268555687,834.826079010324,51.5931404694698,21.734336445333,0.36152381437142084
2.1883792498596435,2778.670239277888,21.251902267247353,20.030351240613626,0.1838690118596843
6.689163149570992,3911.821515047017,41.039687913157174,10.775175352241996,0.36219326285568687
0.44540430130270736,3917.1384428884608,46.718879161247955,15.935333589713297,0.017778877492169942
2.7282594254180825,4649.894492254394,24.65156698042169,18.766147972156286,0.15150619836423612
5.476199918444189,2196.35478582387,73.2180031589539,10.430748069428347,0.328309734009293
1.4139514410918723,243.03322049608127,43.03681587985148,19.437049595025407,0.11393663790186823
5.240921672194475,3690.743517662714,55.23120657973154,21.246484610156056,0.3385263519623188
5.638353481169875,1535.1850815153125,26.757301854737776,23.237984115997026,0.4033640338531677
5.9234657867181735,3346.913903864167,78.10041321377504,16.530753285734917,0.3854802667609924
7.027614498778408,435.12635495455265,30.906889967310796,9.430861608998628,0.5802508786614694
3.4226957052054394,1905.794989862421,47.973838853642754,12.120480313136294,0.2438698013122647
1.3113671932316784,3239.1568163164147,25.29556458925903,21.078921801989715,0.10973584202855148
2.230425257050936,805.046898386794,29.42905577370592,11.225618169411657,0.2022728354062765
3.239546131252692,1722.2456710995257,28.146218359159974,18.334505984918735,0.2663675999722582
0.6257050473777357,896.1944697677362,43.13544855855875,18.798059775536323,0.06329778055928534
5.726680872044914,4477.141294470402,25.269402265173845,15.668107949941824,0.29422638363319753
0.6914830526381535,3916.701887323457,48.009129255974926,20.777732293704222,0.08599230564736066
0.6501283063819908,3264.8332056253457,53.913370186738554,10.842987473107012,0.033254917350322585
7.473496390330035,2695.695330390291,31.445769962764636,18.301255389845593,0.4663776711183926
6.4887178510585635,4892.503737907097,66.05949772274178,14.707237317994322,0.33391558609867633
2.1787121651463193,1441.2183764102908,24.565272839302096,21.863012565543542,0.1824974361092043
2.865323116089143,3586.4792498865268,54.492192118058,14.944258044726492,0.16180438953160076
6.6421736584495115,613.9711070749419,68.60017993530965,11.832873381727403,0.49152570424151765
5.030036624335149,3183.7807778996576,56.84593625470083,14.167095189653901,0.31493084363222273
2.2663574064354677,1137.5713979082348,20.26694029532835,16.87456638563104,0.23310677265028207
3.7023497283317677,245.18572187036762,24.496677270477964,10.202355595545274,0.3059169927631338
6.8733647810718175,4564.200465178634,22.7594173072732,21.956413864213243,0.33455240651306245
0.20539255052997876,1540.8849067464162,27.74784682144304,18.7682445305931,0.0
7.940672158344971,4953.435151618737,51.57449443902749,13.69114770215408,0.4002401301853694
4.614281565086743,3463.1114681914864,77.55597902923577,18.121430623571545,0.24708474369559572
1.6197565989642617,3420.1596274014896,42.12745209012135,23.75576043229482,0.07619671044967298
6.441503884932028,3432.4365020828727,67.31300713770867,18.042090380637887,0.38444736558775794
0.7943224666139554,4963.348797440295,36.21452129880045,15.093905242834557,0.060918046589284985
3.398000619084962,1278.6723310442399,78.35926538339038,19.22167876185328,0.22485742072153128
4.670431653491808,4940.667261239634,42.964265289738954,20.343929594004717,0.23914677390202624
2.1281159165994272,1743.983591924662,31.70790005041831,19.29981096205473,0.1339745226444222
7.104815976012958,652.469167866554,31.480097676316436,12.166146965299191,0.5461821638552171
5.63577350089707,4626.793242699391,26.85451793727853,9.313920442501228,0.28974273967182884
1.4622594833943665,666.9307493285319,24.88531759169465,13.753290159104981,0.07661106515856182
1.3902761134842891,2481.402617953826,75.59845268248269,15.520588607604296,0.09431794120094183
0.6830789406054119,4203.446359369584,63.39427102833454,21.46987988223898,0.032382342202890185
4.657688410076523,1527.7080564479343,28.733318855063676,10.3251807448523,0.32900343478473165
1.6606826790320384,3657.1322227856467,56.12568821217068,21.65451797819985,0.09579450242913887
4.435264873545703,3281.1386522652365,47.83868562569923,9.892236057828368,0.26826637758596455
6.591885329361086,3517.272687392654,24.326574112611695,13.708754619174776,0.3800737299950655
7.057643161993264,923.4416961901587,79.26557540250438,15.060530950621583,0.47663007488848974
1.1075326255077573,3574.2822628810745,34.19942914066081,22.975498570143444,0.04127972853893483
2.791451924966998,4230.492265598721,54.39925221191276,23.235801009228034,0.18645993971812302
3.455530595790267,878.4275348475012,41.62308890066685,9.61027394312201,0.21292927535811512
3.1906563171430378,4811.279521741548,49.25534727382647,11.939197994667085,0.15489686917083773
3.4668658681426927,4768.576261275247,79.44907337022826,15.723260900824139,0.18562760778576495
3.787902354556872,1730.5845837365403,65.91924694252467,13.086120869066127,0.2210317282596536
6.101092304702392,4785.693348897403,34.3025363207782,23.300443798521798,0.28396642624020973
2.5830231561161967,4704.5308157893505,62.23327383006143,18.18255634022485,0.09592635795019092
2.8787097578290504,759.4479904438135,47.87240069522181,13.898337180381244,0.16394406289255878
3.243908933270805,3771.358252401193,34.29989617613944,17.995698020633633,0.2216562280734047
1.3795040284753062,4819.76440926207,53.49894067187061,19.116609029728806,0.05816058274159498
5.116912778527045,4153.313649638878,34.02370080647062,21.8492940475214,0.2494285040366474
3.321918979492915,836.9843427928712,68.71240710154888,22.31292398965684,0.21831303554238118
7.345990090536088,2157.9737627191275,37.66515508408696,15.318520585538947,0.5051166885225175
6.607043827166873,2907.226422125459,25.915253000624027,20.375524153681127,0.4166923192291475
1.995403250339659,1982.7044012937329,71.7731818899004,23.602474524009764,0.09893678901806978
2.090048983091436,2051.8314917677417,30.160435533951876,17.006696833758266,0.1579113953633689
6.301710613679312,662.7723508102113,62.49926033918499,19.974248913234135,0.4387761280150017
4.5671182518148585,234.09441954538863,72.1212027612946,16.332926223275923,0.3290964253195797
0.27964350444121305,1669.517886932086,63.622225673092025,14.73971847695663,0.019773969483652804
5.113087810695368,2232.6868825095635,76.98778464381792,12.050719113577223,0.29395737549189827
3.280320716317317,2978.2484116508617,36.23450385174483,10.367900302470447,0.20547003698023497
6.324667369430731,4785.705113185794,42.37806356225214,13.867468460403252,0.2967315774907149
6.025406868970716,629.4331710057293,58.123609494186894,14.320732940947106,0.5285837525898959
7.39415846662682,1866.2459376108823,27.049755006115443,17.54974058565906,0.5157238452025827
5.654430575862065,4376.506391630815,79.29553307410954,19.057804563786593,0.2941364383033858
7.321232977376223,4163.3059665972105,59.59988717938069,19.6617144674494,0.35619397179055845
2.420307585556516,737.3536526549025,60.784280299505625,20.537298799461006,0.14176946567104592
2.841982381401497,3443.827952085744,55.02282675925451,17.584099036387563,0.155953366182612
0.6617665934482296,629.0896772955158,50.29338887495432,16.682295243351064,0.035548677372402526
6.962101653359509,4739.3101269603685,31.667453108304763,18.175619715370647,0.34745307581187285
1.4028971855745749,1447.854530292523,26.33171594454252,19.53795062560132,0.09916927647027678
4.500292194826995,3109.4152032707593,35.26662836534505,21.683435797984608,0.30260153544766466
4.171724029779533,2458.814342575718,21.696065053959565,12.77817252209923,0.33831063168273395
6.548693615773811,2657.3345724136293,57.41114900429274,21.88552526464528,0.4645421870236382
3.2263178380037285,1227.1364383781342,30.840873289071176,11.969575401746152,0.24095903845734623
1.3127844425851838,1922.1256663430174,75.26560071987443,9.261060600575028,0.13393891196048893
3.188032158785073,1555.4199501327396,26.566371976485243,20.95016663418493,0.28160180320455647
0.5747899580098885,3155.465304408794,39.20395098542237,12.461131089602427,0.01142621555065355
2.5514645428509244,2227.176313662724,71.54911131007475,21.578004963537577,0.14166952133579905
5.114021155302311,3039.746567050034,57.28810473430284,14.35110827874152,0.29904349804926394
0.6457165237356653,2775.9758095445172,44.84173309222238,14.292778734796343,0.093357510562039
7.919630566331955,3396.7736456124117,63.89117122510513,22.045853349188953,0.441954600449007
4.382274893680787,4882.513087466766,44.048814554056015,20.383001148776913,0.20518004483380098
2.5405604549360263,2760.8974821073516,29.39404547261419,9.87494761478394,0.20181558920602688
6.703540498916362,2822.976809306809,78.78149957340415,23.164417477633435,0.38214087973353955
1.272228413904111,3147.424824251699,72.34090187023838,12.12559090378457,0.062453864910741834
2.7113189813092333,2827.676632001756,64.27542812673312,18.99876252942415,0.17574160145714945
7.509770062180492,2174.210210097416,36.84400224936623,23.10806189581773,0.5135905936084431
2.0714780423860275,1380.8185606674062,50.423202776412616,21.635473697690912,0.07052248625326303
5.916557032123674,2774.751944995591,25.268800399745743,16.324333341928075,0.34749773567625813
0.8312569835625827,1381.0400893099184,22.289764883672362,23.206987452296346,0.07753191073811563
4.353302160279377,3365.413426681361,76.7618351182326,19.286000043437927,0.19321506394124155
5.333266628332495,4454.4178427463685,45.07743891196877,12.749177743076253,0.30974408964762945
1.8358397537534088,4040.5911868717917,33.10985460622384,23.46387294404669,0.09504507886411477
2.7555149480840946,3974.8052130281435,67.33139657966831,17.508355213232928,0.14695628998723523
4.493970798501346,1223.4269258820227,51.557636227035225,13.834959381525714,0.3278625981729561
4.8018826764035305,361.37498430520924,59.692836396083834,15.51804871030598,0.30879620043931605
1.4028969377775597,1177.987419942626,26.49544538041482,11.909562213040832,0.07974554313946192
3.4040422891253286,2936.991433584411,46.7336124723629,17.602964974208195,0.17372609667605318
7.997917510504985,799.2512800086187,44.48976981281736,17.500107996525337,0.6118276787782224
2.7149925564235,680.8462023471059,37.657444581202256,11.394443972502161,0.25117100122043357
6.325777271959537,4989.670345793066,30.695931507650496,15.222323779222117,0.30589431489614843
1.7725886020291308,1900.8806649068988,72.41764155384988,12.99435851575212,0.11096383169077423
3.7973129149379683,505.2510666015223,64.54393302773482,22.433453671876435,0.2204922206187363
4.241722521869061,2655.2199347542182,53.817173123567,11.922586678597753,0.24972103554591668
4.8489426614230275,3547.676717696839,36.38034843362652,18.12535799958559,0.27451036799932754
5.797693203674975,2409.2363359393926,58.054623050490804,18.602135146188008,0.3592182851340441
6.408100942222742,830.5650631767769,44.651583856437675,18.055368196433037,0.49956263752350477
5.6612925796079105,2671.219273018851,20.123547626079656,14.596552874035972,0.4169977794141463
6.496164059977305,531.6331432580039,57.35069679865455,12.669192162136186,0.4873334726780994
7.1105012558456835,3706.0144469048655,59.95283363249039,9.123883676407987,0.40048232385320837
2.743730423551221,4707.420420215234,77.74171248824976,12.070235745340865,0.07709411615135248
6.653012578201026,401.2389370637436,69.56360063287852,21.211119217887056,0.5099460824148392
4.2558298477060115,2938.462998568858,24.72640757165933,13.170009543481605,0.2712500030361929
2.223537356534495,4188.132861580605,38.99825257802361,17.009651465807423,0.06362771601408887
1.549974894329887,3274.6948709583394,22.62549136820152,13.462878011434615,0.10112246383224789
6.162702251338355,915.6364243206259,24.088283646271478,9.963632094858195,0.4602301127717298
5.16573606244753,527.1685660138592,47.905925291999765,15.321881463413074,0.4247667314433564
0.7517046774815801,2395.904333750489,32.53449340725578,23.88528941674087,0.05796818725054184
4.782139058290884,431.6535127486036,23.64522663276203,15.025754423008788,0.3894420824521824
0.5474636325287268,4216.729553742933,57.633412329762244,14.003888469610398,0.07329208566192696
3.251797194159028,2678.271077452413,75.29085863324829,17.594738321648087,0.18411497748503064
4.655057655922116,1720.4709726927408,69.51422161333886,14.378429765434564,0.29521503664334464
5.271518306311252,3900.337067321059,23.212824580544638,12.540735966541181,0.303981511936631
1.4312514953065771,1229.7505703455113,37.86132303424929,14.725707372997,0.10400134048206756
0.5497257858738108,2666.3620535759346,22.269034647156186,22.50344840722824,0.005375261822154712
4.692985361149285,2629.576258088967,45.234026068643246,11.140513377145089,0.3129640787719893
6.5865171972144045,699.2505218990057,76.14048414609468,10.966143252521002,0.480836347316464
6.4135707220774885,4044.4612855466835,31.561822519869033,20.3119260360033,0.34221719429706016
3.005347153974391,3553.4004637149346,63.837460976000436,11.814643547403872,0.11630739745134869
4.70021871357931,1155.1692791028277,49.73920119196619,10.963133770149044,0.3746043646685917
5.805843461574691,2268.09281659441,51.179301525929176,12.65098784133524,0.4161856826706374
7.010869447552517,1684.7315824328157,69.98491495000324,22.239835982635146,0.49049990991153547
4.034692834135802,4699.266932190002,38.66328410754234,23.10430309300329,0.23227732844509136
7.028900894713914,3405.5415770927443,39.50184669986537,22.990759075508485,0.47054317700785453
2.678285263185638,4732.82915823998,64.2771619504507,13.707954371068285,0.1356465220013156
1.9101667017151975,3880.294108197885,28.42507219432956,22.586486567099726,0.15539525475946148
2.4941615950066054,3999.788785579131,26.425193099614113,9.950032188792681,0.13540670322008483
5.8921858968518785,1688.961507090468,44.60929396617161,16.227823098241167,0.38660862250169115
7.104095223833635,4273.823534357121,43.63357916192226,17.282270796641228,0.3795545750477001
3.8752210742265376,1806.9274496766475,38.1416219076299,15.740001943966849,0.2617340781698706
5.628158320322512,4169.496990441639,35.22915397235439,23.677306041871642,0.3237440983415129
1.2827472842843026,3607.199848139928,72.8245621620027,20.312574588305804,0.12106240435492381
4.157948424584803,2645.979644277342,44.583036433558526,16.16244190018049,0.2772767384676546
3.591760917529062,1017.6195688482927,38.53657915690999,19.990030964824513,0.30121790958088773
3.5665132277793004,3084.1626794852837,67.21630498144243,20.437704434229975,0.2697692904192197
1.666748367364641,3197.642861530611,70.75639285800735,10.683181749085868,0.14672915342546428
5.0576921462150874,3490.66150729069,62.058359142881564,13.835667425873936,0.2871298346969972
5.442164014205072,518.3642195710316,77.85508703742673,13.912945860840882,0.37412440268043984
5.163325756740651,1397.9442492424548,27.371746697363257,23.148911141601438,0.4489592595067818
5.993499289044391,2892.55665298435,46.86438074277349,21.80309441429685,0.3401429350168772
3.7741417899643914,4291.88787123039,68.66514565816502,13.508542497934897,0.13574730252344416
6.850276025889633,1316.0051570646065,78.45112510985561,23.822227635377345,0.403575028248194
4.6554551565894915,4505.707292394255,31.8873632092304,10.08797139437425,0.28234233385500995
7.078118032116386,4880.778939251442,64.62286392511385,14.010126151562018,0.2916144105515293
3.3992070748608576,626.9017912912204,32.682655432240644,12.01855529291873,0.2605091321676925
5.661081230186042,3675.4700202013823,43.85613822190008,16.810437096371956,0.3208960764773205
1.735079239784113,2108.0008902458867,65.06412126034762,22.572884765911258,0.149635811405902
0.8479225865856754,861.9109069239246,66.2091588769477,20.81793672720084,0.01855139165583291
7.46571865405541,1268.0962427220188,23.441203861848923,9.559029777575892,0.5714867530854497
3.092534410140629,1934.623616088074,35.32709907860365,12.725909478507894,0.22456551483809106
0.5564484373023801,286.00190270459933,77.78442148614033,20.664264692711555,0.08141187552980249
5.023937397327379,3533.92054371398,54.126313271262944,13.202759173927692,0.27931613216115486
7.479437557863609,2377.597813959896,54.70017839581042,21.270201562986735,0.49041025126875154
6.198270190490878,1860.6402797125772,35.33051780978266,18.33922441350733,0.42889059423345594
7.900527481636761,4364.709829983853,47.045025851383265,19.457899503476767,0.44850792912612925
7.493912034368818,4838.554142014627,36.2699471307007,19.713349139251882,0.407910175625539
3.753161136075644,2399.925190893168,28.25273053670767,17.652653362140377,0.24267202129467458
